ccn,provider_name,state,city,county,ownership_type,avg_residents_per_day,overall_rating,reported_na_hrs_per_resident_per_day,reported_lpn_hrs_per_resident_per_day,reported_rn_hrs_per_resident_per_day,reported_licensed_hrs_per_resident_per_day,reported_total_nurse_hrs_per_resident_per_day,weekend_total_nurse_hrs_per_resident_per_day,weekend_rn_hrs_per_resident_per_day,reported_pt_hrs_per_resident_per_day,case_mix_na_hrs_per_resident_per_day,case_mix_lpn_hrs_per_resident_per_day,case_mix_rn_hrs_per_resident_per_day,case_mix_total_nurse_hrs_per_resident_per_day,case_mix_weekend_total_nurse_hrs_per_resident_per_day,adjusted_na_hrs_per_resident_per_day,adjusted_lpn_hrs_per_resident_per_day,adjusted_rn_hrs_per_resident_per_day,adjusted_total_nurse_hrs_per_resident_per_day,adjusted_weekend_total_nurse_hrs_per_resident_per_day,processing_date,quarter,staffing_rating,health_inspection_rating,total_nursing_staff_turnover,registered_nurse_turnover,provider_changed_ownership_in_last_12_months,affiliated_entity_name,affiliated_entity_id,chain_name,chain_id,fines,penalties,sff_status,certified_beds,abuse_icon,health_inspection,footnotes
335513,SEAGATE REHABILITATION AND NURSING CENTER,NY,BROOKLYN,Kings,For Profit - Corporation,345.0,4.0,1.98449,0.54768,0.35261,0.90029,2.88478,,,0.0542,2.60569,0.70736,1.17972,4.49277,,1.86873,0.64264,0.22333,2.58822,,2018-01-01,,1.0,4.0,,,N,,,,,,,N,360.0,,,
335513,SEAGATE REHABILITATION AND NURSING CENTER,NY,BROOKLYN,Kings,For Profit - Corporation,345.0,3.0,1.98449,0.54768,0.35261,0.90029,2.88478,,,0.0542,2.60569,0.70736,1.17972,4.49277,,1.86873,0.64264,0.22333,2.58822,,2018-02-01,,1.0,3.0,,,N,,,,,,,N,360.0,,,
335513,SEAGATE REHABILITATION AND NURSING CENTER,NY,BROOKLYN,Kings,For Profit - Corporation,345.0,3.0,1.98449,0.54768,0.35261,0.90029,2.88478,,,0.0542,2.60569,0.70736,1.17972,4.49277,,1.86873,0.64264,0.22333,2.58822,,2018-03-01,,1.0,3.0,,,N,,,,,,,N,360.0,,,
335513,SEAGATE REHABILITATION AND NURSING CENTER,NY,BROOKLYN,Kings,For Profit - Corporation,341.2,3.0,2.2456,0.63396,0.3179,0.95186,3.19746,,,0.15335,2.30789,0.85513,0.41482,3.57784,,2.03285,0.56258,0.29154,2.88527,,2018-04-01,Q4 2017,1.0,3.0,,,N,,,,,,,N,360.0,,,
335513,SEAGATE REHABILITATION AND NURSING CENTER,NY,BROOKLYN,Kings,For Profit - Corporation,341.2,3.0,2.2456,0.63396,0.3179,0.95186,3.19746,,,0.15335,2.30789,0.85513,0.41482,3.57784,,2.03285,0.56258,0.29154,2.88527,,2018-05-01,Q4 2017,1.0,3.0,,,N,,,,,,,N,360.0,,,
335513,SEAGATE REHABILITATION AND NURSING CENTER,NY,BROOKLYN,Kings,For Profit - Corporation,341.2,3.0,2.2456,0.63396,0.3179,0.95186,3.19746,,,0.15335,2.30789,0.85513,0.41482,3.57784,,2.03285,0.56258,0.29154,2.88527,,2018-06-01,Q4 2017,1.0,3.0,,,N,,,,,,,N,360.0,,,
335513,SEAGATE REHABILITATION AND NURSING CENTER,NY,BROOKLYN,Kings,For Profit - Corporation,,3.0,,,,,,,,,,,,,,,,,,,2018-07-01,Q1 2018,1.0,3.0,,,N,,,,,,,N,360.0,,,
335513,SEAGATE REHABILITATION AND NURSING CENTER,NY,BROOKLYN,Kings,For Profit - Corporation,,3.0,,,,,,,,,,,,,,,,,,,2018-08-01,Q1 2018,1.0,3.0,,,N,,,,,,,N,360.0,,,
335513,SEAGATE REHABILITATION AND NURSING CENTER,NY,BROOKLYN,Kings,For Profit - Corporation,,3.0,,,,,,,,,,,,,,,,,,,2018-09-01,Q1 2018,1.0,3.0,,,N,,,,,,,N,360.0,,,
335513,SEAGATE REHABILITATION AND NURSING CENTER,NY,BROOKLYN,Kings,For Profit - Corporation,341.8,3.0,2.2432,0.61092,0.34474,0.95566,3.19886,,,0.16696,2.27448,0.84586,0.41612,3.53647,,2.05773,0.54274,0.31071,2.9062,,2018-10-01,Q2 2018,1.0,3.0,,,N,,,,,,,N,360.0,,,
335513,SEAGATE REHABILITATION AND NURSING CENTER,NY,BROOKLYN,Kings,For Profit - Corporation,341.8,3.0,2.2432,0.61092,0.34474,0.95566,3.19886,,,0.16696,2.27448,0.84586,0.41612,3.53647,,2.05773,0.54274,0.31071,2.9062,,2018-11-01,Q2 2018,1.0,3.0,,,N,,,,,,,N,360.0,,,
335513,SEAGATE REHABILITATION AND NURSING CENTER,NY,BROOKLYN,Kings,For Profit - Corporation,341.8,3.0,2.2432,0.61092,0.34474,0.95566,3.19886,,,0.16696,2.27448,0.84586,0.41612,3.53647,,2.05773,0.54274,0.31071,2.9062,,2018-12-01,Q2 2018,1.0,3.0,,,N,,,,,,,N,360.0,,,
335513,SEAGATE REHABILITATION AND NURSING CENTER,NY,BROOKLYN,Kings,For Profit - Corporation,348.6,3.0,2.20877,0.59586,0.32777,0.92363,3.1324,,,0.16516,2.36193,0.96941,0.48366,3.815,,1.9491,0.46149,0.25389,2.6354,,2019-01-01,Q3 2018,1.0,3.0,,,N,,,,,,,N,360.0,,,
335513,SEAGATE REHABILITATION AND NURSING CENTER,NY,BROOKLYN,Kings,For Profit - Corporation,348.6,3.0,2.20877,0.59586,0.32777,0.92363,3.1324,,,0.16516,2.36193,0.96941,0.48366,3.815,,1.9491,0.46149,0.25389,2.6354,,2019-02-01,Q3 2018,1.0,3.0,,,N,,,,,,,N,360.0,,,
335513,SEAGATE REHABILITATION AND NURSING CENTER,NY,BROOKLYN,Kings,For Profit - Corporation,348.6,3.0,2.20877,0.59586,0.32777,0.92363,3.1324,,,0.16516,2.36193,0.96941,0.48366,3.815,,1.9491,0.46149,0.25389,2.6354,,2019-03-01,Q3 2018,1.0,3.0,,,N,,,,,,,N,360.0,,,
335513,SEAGATE REHABILITATION AND NURSING CENTER,NY,BROOKLYN,Kings,For Profit - Corporation,346.1,3.0,2.2081,0.58075,0.31919,0.89993,3.10803,,,0.19408,2.38525,0.97641,0.47254,3.8342,,1.92723,0.44634,0.25306,2.59956,,2019-04-01,Q4 2018,1.0,3.0,,,N,,,,,,,N,360.0,,,
335513,SEAGATE REHABILITATION AND NURSING CENTER,NY,BROOKLYN,Kings,For Profit - Corporation,346.1,3.0,2.2081,0.58075,0.31919,0.89993,3.10803,,,0.19408,2.38525,0.97641,0.47254,3.8342,,1.92723,0.44634,0.25306,2.59956,,2019-05-01,Q4 2018,1.0,3.0,,,N,,,,,,,N,360.0,,,
335513,SEAGATE REHABILITATION AND NURSING CENTER,NY,BROOKLYN,Kings,For Profit - Corporation,346.1,3.0,2.2081,0.58075,0.31919,0.89993,3.10803,,,0.19408,2.38525,0.97641,0.47254,3.8342,,1.92723,0.44634,0.25306,2.59956,,2019-06-01,Q4 2018,1.0,3.0,,,N,,,,,,,N,360.0,,,
335513,SEAGATE REHABILITATION AND NURSING CENTER,NY,BROOKLYN,Kings,For Profit - Corporation,343.8,3.0,2.2467,0.59928,0.34694,0.94622,3.19291,,,0.18185,2.36818,0.94105,0.46054,3.76976,,1.97447,0.47964,0.28407,2.72006,,2019-07-01,Q1 2019,1.0,3.0,,,N,,,,,,,,360.0,,,
335513,SEAGATE REHABILITATION AND NURSING CENTER,NY,BROOKLYN,Kings,For Profit - Corporation,343.8,3.0,2.2467,0.59928,0.34694,0.94622,3.19291,,,0.18185,2.36818,0.94105,0.46054,3.76976,,1.97447,0.47964,0.28407,2.72006,,2019-08-01,Q1 2019,1.0,3.0,,,N,,,,,,,,360.0,,,
335513,SEAGATE REHABILITATION AND NURSING CENTER,NY,BROOKLYN,Kings,For Profit - Corporation,343.8,3.0,2.2467,0.59928,0.34694,0.94622,3.19291,,,0.18185,2.36818,0.94105,0.46054,3.76976,,1.97447,0.47964,0.28407,2.72006,,2019-09-01,Q1 2019,1.0,3.0,,,N,,,,,,,,360.0,,,
335513,SEAGATE REHABILITATION AND NURSING CENTER,NY,BROOKLYN,Kings,For Profit - Corporation,349.0,3.0,2.20833,0.5884,0.33197,0.92038,3.12871,,,0.16421,2.35477,0.93924,0.46646,3.76047,,1.95206,0.47252,0.26925,2.67412,,2019-10-01,Q2 2019,1.0,3.0,,,N,,,,,,,,360.0,,,
335513,SEAGATE REHABILITATION AND NURSING CENTER,NY,BROOKLYN,Kings,For Profit - Corporation,349.0,3.0,2.20833,0.5884,0.33197,0.92038,3.12871,,,0.16421,2.35477,0.93924,0.46646,3.76047,,1.95206,0.47252,0.26925,2.67412,,2019-11-01,Q2 2019,1.0,3.0,,,N,,,,,,,,360.0,,,
335513,SEAGATE REHABILITATION AND NURSING CENTER,NY,BROOKLYN,Kings,For Profit - Corporation,355.3,3.0,2.20163,0.56416,0.34268,0.90684,3.10846,,,0.16691,2.34638,0.95007,0.47019,3.76665,,1.95012,0.44651,0.27431,2.64633,,2020-01-01,Q3 2019,1.0,3.0,,,N,,,,,,,,360.0,,,
335513,SEAGATE REHABILITATION AND NURSING CENTER,NY,BROOKLYN,Kings,For Profit - Corporation,355.3,3.0,2.20163,0.56416,0.34268,0.90684,3.10846,,,0.16691,2.34638,0.95007,0.47019,3.76665,,1.95012,0.44651,0.27431,2.64633,,2020-02-01,Q3 2019,1.0,3.0,,,N,,,,,,,,360.0,,,
335513,SEAGATE REHABILITATION AND NURSING CENTER,NY,BROOKLYN,Kings,For Profit - Corporation,355.3,3.0,2.20163,0.56416,0.34268,0.90684,3.10846,,,0.16691,2.34638,0.95007,0.47019,3.76665,,1.95012,0.44651,0.27431,2.64633,,2020-03-01,Q3 2019,1.0,3.0,,,N,,,,,,,,360.0,,,
335513,SEAGATE REHABILITATION AND NURSING CENTER,NY,BROOKLYN,Kings,For Profit - Corporation,355.0,3.0,2.20014,0.54924,0.37884,0.92808,3.12822,,,0.16707,2.34638,0.95007,0.47019,3.76665,,1.9488,0.4347,0.30326,2.66315,,2020-04-01,Q4 2019,1.0,3.0,,,N,,,,,,,,360.0,,,
335513,SEAGATE REHABILITATION AND NURSING CENTER,NY,BROOKLYN,Kings,For Profit - Corporation,355.0,3.0,2.20014,0.54924,0.37884,0.92808,3.12822,,,0.16707,2.34638,0.95007,0.47019,3.76665,,1.9488,0.4347,0.30326,2.66315,,2020-05-01,Q4 2019,1.0,3.0,,,N,,,,,,,,360.0,,,
335513,SEAGATE REHABILITATION AND NURSING CENTER,NY,BROOKLYN,Kings,For Profit - Corporation,355.0,3.0,2.20014,0.54924,0.37884,0.92808,3.12822,,,0.16707,2.34638,0.95007,0.47019,3.76665,,1.9488,0.4347,0.30326,2.66315,,2020-06-01,Q4 2019,1.0,3.0,,,N,,,,,,,,360.0,,,
335513,SEAGATE REHABILITATION AND NURSING CENTER,NY,BROOKLYN,Kings,For Profit - Corporation,355.0,3.0,2.20014,0.54924,0.37884,0.92808,3.12822,,,0.16707,2.34638,0.95007,0.47019,3.76665,,1.9488,0.4347,0.30326,2.66315,,2020-07-01,Q4 2019,1.0,3.0,,,N,,,,,,,,360.0,,,
335513,SEAGATE REHABILITATION AND NURSING CENTER,NY,BROOKLYN,Kings,For Profit - Corporation,355.0,3.0,2.20014,0.54924,0.37884,0.92808,3.12822,,,0.16707,2.34638,0.95007,0.47019,3.76665,,1.9488,0.4347,0.30326,2.66315,,2020-08-01,Q4 2019,1.0,3.0,,,N,,,,,,,,360.0,N,,
335513,SEAGATE REHABILITATION AND NURSING CENTER,NY,BROOKLYN,Kings,For Profit - Corporation,355.0,3.0,2.20014,0.54924,0.37884,0.92808,3.12822,,,0.16707,2.34638,0.95007,0.47019,3.76665,,1.9488,0.4347,0.30326,2.66315,,2020-09-01,Q4 2019,1.0,3.0,,,N,,,,,,,,360.0,N,,
335513,SEAGATE REHABILITATION AND NURSING CENTER,NY,BROOKLYN,Kings,For Profit - Corporation,276.5,4.0,2.27131,0.62483,0.38516,1.00999,3.2813,,,0.16224,2.32327,0.91699,0.45689,3.69715,,2.01826,0.50258,0.32555,2.82959,,2020-10-01,Q2 2020,2.0,3.0,,,N,,,,,,,,360.0,N,,
335513,SEAGATE REHABILITATION AND NURSING CENTER,NY,BROOKLYN,Kings,For Profit - Corporation,276.5,4.0,2.27131,0.62483,0.38516,1.00999,3.2813,,,0.16224,2.32327,0.91699,0.45689,3.69715,,2.01826,0.50258,0.32555,2.82959,,2020-11-01,Q2 2020,2.0,3.0,,,N,,,,,,,,360.0,N,,
335513,SEAGATE REHABILITATION AND NURSING CENTER,NY,BROOKLYN,Kings,For Profit - Corporation,276.5,4.0,2.27131,0.62483,0.38516,1.00999,3.2813,,,0.16224,2.32327,0.91699,0.45689,3.69715,,2.01826,0.50258,0.32555,2.82959,,2020-11-01,Q2 2020,2.0,3.0,,,N,,,,,,,,360.0,N,,
335513,SEAGATE REHABILITATION AND NURSING CENTER,NY,BROOKLYN,Kings,For Profit - Corporation,277.7,3.0,2.26065,0.63051,0.3212,0.95171,3.21236,,,0.19051,2.3649,0.95619,0.47645,3.79754,,1.97209,0.48853,0.26567,2.7052,,2021-01-01,Q3 2020,1.0,3.0,,,N,,,,,,,,360.0,N,,
335513,SEAGATE REHABILITATION AND NURSING CENTER,NY,BROOKLYN,Kings,For Profit - Corporation,277.7,3.0,2.26065,0.63051,0.3212,0.95171,3.21236,,,0.19051,2.3649,0.95619,0.47645,3.79754,,1.97209,0.48853,0.26567,2.7052,,2021-02-01,Q3 2020,1.0,3.0,,,N,,,,,,,,360.0,N,,
335513,SEAGATE REHABILITATION AND NURSING CENTER,NY,BROOKLYN,Kings,For Profit - Corporation,277.7,3.0,2.26065,0.63051,0.3212,0.95171,3.21236,,,0.19051,2.3649,0.95619,0.47645,3.79754,,1.97209,0.48853,0.26567,2.7052,,2021-03-01,Q3 2020,1.0,3.0,,,N,,,,,,,,360.0,N,,
335513,SEAGATE REHABILITATION AND NURSING CENTER,NY,BROOKLYN,Kings,For Profit - Corporation,283.1,3.0,2.16782,0.59398,0.31369,0.90767,3.07549,,,0.19306,2.3091,0.92206,0.4762,3.70736,,1.93282,0.47729,0.26362,2.65452,,2021-04-01,Q4 2020,1.0,3.0,,,N,,,,,,,,360.0,N,,
335513,SEAGATE REHABILITATION AND NURSING CENTER,NY,BROOKLYN,Kings,For Profit - Corporation,283.1,3.0,2.16782,0.59398,0.31369,0.90767,3.07549,,,0.19306,2.3091,0.92206,0.4762,3.70736,,1.93282,0.47729,0.26362,2.65452,,2021-05-01,Q4 2020,1.0,3.0,,,N,,,,,,,,360.0,N,,
335513,SEAGATE REHABILITATION AND NURSING CENTER,NY,BROOKLYN,Kings,For Profit - Corporation,283.1,3.0,2.16782,0.59398,0.31369,0.90767,3.07549,,,0.19306,2.3091,0.92206,0.4762,3.70736,,1.93282,0.47729,0.26362,2.65452,,2021-06-01,Q4 2020,1.0,3.0,,,N,,,,,,,,360.0,N,,
335513,SEAGATE REHABILITATION AND NURSING CENTER,NY,BROOKLYN,Kings,For Profit - Corporation,302.5,3.0,2.17241,0.61086,0.27496,0.88582,3.05823,,,0.17825,2.29435,0.95874,0.50061,3.7537,,1.94737,0.47451,0.22568,2.61714,,2021-07-01,Q1 2021,1.0,3.0,,,N,,,,,,,,360.0,N,,
335513,SEAGATE REHABILITATION AND NURSING CENTER,NY,BROOKLYN,Kings,For Profit - Corporation,302.5,3.0,2.17241,0.61086,0.27496,0.88582,3.05823,,,0.17825,2.29435,0.95874,0.50061,3.7537,,1.94737,0.47451,0.22568,2.61714,,2021-08-01,Q1 2021,1.0,3.0,,,N,,,,,,,,360.0,N,,
335513,SEAGATE REHABILITATION AND NURSING CENTER,NY,BROOKLYN,Kings,For Profit - Corporation,302.5,3.0,2.17241,0.61086,0.27496,0.88582,3.05823,,,0.17825,2.29435,0.95874,0.50061,3.7537,,1.94737,0.47451,0.22568,2.61714,,2021-09-01,Q1 2021,1.0,3.0,,,N,,,,,,,,360.0,N,,
335513,SEAGATE REHABILITATION AND NURSING CENTER,NY,BROOKLYN,Kings,For Profit - Corporation,322.9,3.0,2.14608,0.55504,0.28016,0.8352,2.98129,,,0.15231,2.25742,0.87413,0.44086,3.57241,,1.95503,0.47069,0.24249,2.65325,,2021-10-01,Q2 2021,1.0,3.0,,,N,,,,,,,,360.0,N,,
335513,SEAGATE REHABILITATION AND NURSING CENTER,NY,BROOKLYN,Kings,For Profit - Corporation,322.9,3.0,2.14608,0.55504,0.28016,0.8352,2.98129,,,0.15231,2.25742,0.87413,0.44086,3.57241,,1.95503,0.47069,0.24249,2.65325,,2021-10-01,Q2 2021,1.0,3.0,,,N,,,,,,,,360.0,N,,
335513,SEAGATE REHABILITATION AND NURSING CENTER,NY,BROOKLYN,Kings,For Profit - Corporation,322.9,3.0,2.14608,0.55504,0.28016,0.8352,2.98129,,,0.15231,2.25742,0.87413,0.44086,3.57241,,1.95503,0.47069,0.24249,2.65325,,2021-11-01,Q2 2021,1.0,3.0,,,N,,,,,,,,360.0,N,,
335513,SEAGATE REHABILITATION AND NURSING CENTER,NY,BROOKLYN,Kings,For Profit - Corporation,346.3,3.0,2.11366,0.52016,0.27572,0.79588,2.90954,2.71877,0.18002,0.14843,2.33069,0.9724,0.49953,3.80262,,1.85659,0.39347,0.20671,2.41578,,2022-01-01,Q3 2021,1.0,3.0,21.2,37.5,N,,,,,,,,360.0,N,,
335513,SEAGATE REHABILITATION AND NURSING CENTER,NY,BROOKLYN,Kings,For Profit - Corporation,346.3,3.0,2.11366,0.52016,0.27572,0.79588,2.90954,2.71877,0.18002,0.14843,2.33069,0.9724,0.49953,3.80262,,1.85659,0.39347,0.20671,2.41578,,2022-02-01,Q3 2021,1.0,3.0,21.2,37.5,N,,,,,,,,360.0,N,,
335513,SEAGATE REHABILITATION AND NURSING CENTER,NY,BROOKLYN,Kings,For Profit - Corporation,346.3,3.0,2.11366,0.52016,0.27572,0.79588,2.90954,2.71877,0.18002,0.14843,2.33069,0.9724,0.49953,3.80262,,1.85659,0.39347,0.20671,2.41578,,2022-03-01,Q3 2021,1.0,3.0,21.2,37.5,N,,,,,,,,360.0,N,,
335513,SEAGATE REHABILITATION AND NURSING CENTER,NY,BROOKLYN,Kings,For Profit - Corporation,346.1,3.0,2.14254,0.50296,0.284,0.78696,2.9295,2.73007,0.16838,0.11513,2.33653,0.94414,0.47892,3.75959,,1.87328,0.39122,0.22318,2.45733,,2022-04-01,Q4 2021,1.0,3.0,25.6,36.4,N,,,,,,,,360.0,N,,
335513,SEAGATE REHABILITATION AND NURSING CENTER,NY,BROOKLYN,Kings,For Profit - Corporation,346.1,3.0,2.14254,0.50296,0.284,0.78696,2.9295,2.73007,0.16838,0.11513,2.33653,0.94414,0.47892,3.75959,,1.87328,0.39122,0.22318,2.45733,,2022-05-01,Q4 2021,1.0,3.0,25.6,36.4,N,,,,,,,,360.0,N,,
335513,SEAGATE REHABILITATION AND NURSING CENTER,NY,BROOKLYN,Kings,For Profit - Corporation,346.1,3.0,2.14254,0.50296,0.284,0.78696,2.9295,2.73007,0.16838,0.11513,2.33653,0.94414,0.47892,3.75959,,1.87328,0.39122,0.22318,2.45733,,2022-06-01,Q4 2021,1.0,3.0,25.6,36.4,N,,,,,,,,360.0,N,,
335513,SEAGATE REHABILITATION AND NURSING CENTER,NY,BROOKLYN,Kings,For Profit - Corporation,353.2,3.0,2.10733,0.45847,0.27511,0.73358,2.84092,2.63411,0.19572,0.10118,2.32949,0.88351,0.45555,3.66854,,1.8426,0.38187,0.23785,2.4522,,2022-07-01,Q1 2022,1.0,3.0,26.2,37.0,N,,,,,,,,360.0,N,,
335513,SEAGATE REHABILITATION AND NURSING CENTER,NY,BROOKLYN,Kings,For Profit - Corporation,353.2,3.0,2.10733,0.45847,0.27511,0.73358,2.84092,2.63411,0.19572,0.10118,2.32949,0.88351,0.45555,3.66854,,1.8426,0.38187,0.23785,2.4522,2.27368,2022-08-01,Q1 2022,1.0,3.0,26.2,37.0,N,,,,,,,,360.0,N,,
335513,SEAGATE REHABILITATION AND NURSING CENTER,NY,BROOKLYN,Kings,For Profit - Corporation,353.2,3.0,2.10733,0.45847,0.27511,0.73358,2.84092,2.63411,0.19572,0.10118,2.32949,0.88351,0.45555,3.66854,,1.8426,0.38187,0.23785,2.4522,2.27368,2022-09-01,Q1 2022,1.0,3.0,26.2,37.0,N,,,,,,,,360.0,N,,
335513,SEAGATE REHABILITATION AND NURSING CENTER,NY,BROOKLYN,Kings,For Profit - Corporation,350.8,3.0,2.14471,0.447,0.28488,0.73188,2.87659,2.71539,0.20619,0.10382,2.35899,0.95861,0.491,3.8086,,1.8545,0.34325,0.22041,2.38353,2.24996,2022-10-01,Q2 2022,1.0,3.0,24.7,26.1,N,,,,,,,,360.0,N,,
335513,SEAGATE REHABILITATION AND NURSING CENTER,NY,BROOKLYN,Kings,For Profit - Corporation,350.8,3.0,2.14471,0.447,0.28488,0.73188,2.87659,2.71539,0.20619,0.10382,2.35899,0.95861,0.491,3.8086,,1.8545,0.34325,0.22041,2.38353,2.24996,2022-10-01,Q2 2022,1.0,3.0,24.7,26.1,N,,,,,,,,360.0,N,,
335513,SEAGATE REHABILITATION AND NURSING CENTER,NY,BROOKLYN,Kings,For Profit - Corporation,350.8,3.0,2.14471,0.447,0.28488,0.73188,2.87659,2.71539,0.20619,0.10382,2.35899,0.95861,0.491,3.8086,,1.8545,0.34325,0.22041,2.38353,2.24996,2022-11-01,Q2 2022,1.0,3.0,24.7,26.1,N,,,,,,,,360.0,N,,
335513,SEAGATE REHABILITATION AND NURSING CENTER,NY,BROOKLYN,Kings,For Profit - Corporation,348.4,4.0,2.10235,0.4515,0.31406,0.76556,2.86791,2.63079,0.24022,0.09282,2.3485,0.92739,0.47691,3.7528,,1.82385,0.35817,0.25345,2.41332,2.21379,2023-01-01,Q3 2022,2.0,3.0,27.9,20.0,N,,,,,,,,360.0,N,,
335513,SEAGATE REHABILITATION AND NURSING CENTER,NY,BROOKLYN,Kings,For Profit - Corporation,348.4,4.0,2.10235,0.4515,0.31406,0.76556,2.86791,2.63079,0.24022,0.09282,2.3485,0.92739,0.47691,3.7528,,1.82385,0.35817,0.25345,2.41332,2.21379,2023-02-01,Q3 2022,2.0,3.0,27.9,20.0,N,,,,,,,,360.0,N,,
335513,SEAGATE REHABILITATION AND NURSING CENTER,NY,BROOKLYN,Kings,For Profit - Corporation,348.4,4.0,2.10235,0.4515,0.31406,0.76556,2.86791,2.63079,0.24022,0.09282,2.3485,0.92739,0.47691,3.7528,,1.82385,0.35817,0.25345,2.41332,2.21379,2023-03-01,Q3 2022,2.0,3.0,27.9,20.0,N,,,,,,,,360.0,N,,
335513,SEAGATE REHABILITATION AND NURSING CENTER,NY,BROOKLYN,Kings,For Profit - Corporation,355.5,4.0,2.09891,0.45266,0.2572,0.70986,2.80876,2.61497,0.19779,0.07738,2.29359,0.90895,0.4795,3.68205,,1.86323,0.36673,0.20751,2.41002,2.24374,2023-04-01,Q4 2022,2.0,3.0,27.7,18.5,N,,,,,,,,360.0,N,,
335513,SEAGATE REHABILITATION AND NURSING CENTER,NY,BROOKLYN,Kings,For Profit - Corporation,355.5,4.0,2.09891,0.45266,0.2572,0.70986,2.80876,2.61497,0.19779,0.07738,2.29359,0.90895,0.4795,3.68205,,1.86323,0.36673,0.20751,2.41002,2.24374,2023-05-01,Q4 2022,2.0,3.0,27.7,18.5,N,,,,,,,,360.0,N,,
335513,SEAGATE REHABILITATION AND NURSING CENTER,NY,BROOKLYN,Kings,For Profit - Corporation,355.5,3.0,2.09891,0.45266,0.2572,0.70986,2.80876,2.61497,0.19779,0.07738,2.29359,0.90895,0.4795,3.68205,,1.86323,0.36673,0.20751,2.41002,2.24374,2023-06-01,Q4 2022,2.0,3.0,27.7,18.5,N,EXCELSIOR CARE GROUP,220.0,EXCELSIOR CARE GROUP,220.0,,,,360.0,N,,
335513,SEAGATE REHABILITATION AND NURSING CENTER,NY,BROOKLYN,Kings,For Profit - Corporation,356.1,2.0,2.15493,0.53174,0.22812,0.75985,2.91478,2.728,0.16419,0.09187,2.31644,0.92161,0.48353,3.72158,,1.89292,0.42611,0.18518,2.47953,2.32064,2023-07-01,Q1 2023,1.0,3.0,30.9,33.3,N,EXCELSIOR CARE GROUP,217.0,EXCELSIOR CARE GROUP,217.0,,,,360.0,N,,
335513,SEAGATE REHABILITATION AND NURSING CENTER,NY,BROOKLYN,Kings,For Profit - Corporation,356.1,2.0,2.15493,0.53174,0.22812,0.75985,2.91478,2.728,0.16419,0.09187,2.31644,0.92161,0.48353,3.72158,,1.89292,0.42611,0.18518,2.47953,2.32064,2023-08-01,Q1 2023,1.0,3.0,30.9,33.3,N,EXCELSIOR CARE GROUP,214.0,EXCELSIOR CARE GROUP,214.0,,,,360.0,N,,
335513,SEAGATE REHABILITATION AND NURSING CENTER,NY,BROOKLYN,Kings,For Profit - Corporation,356.1,2.0,2.15493,0.53174,0.22812,0.75985,2.91478,2.728,0.16419,0.09187,2.31644,0.92161,0.48353,3.72158,,1.89292,0.42611,0.18518,2.47953,2.32064,2023-09-01,Q1 2023,1.0,3.0,30.9,33.3,N,EXCELSIOR CARE GROUP,217.0,EXCELSIOR CARE GROUP,217.0,,,,360.0,N,,
335513,SEAGATE REHABILITATION AND NURSING CENTER,NY,BROOKLYN,Kings,For Profit - Corporation,356.6,3.0,2.13867,0.55621,0.23262,0.78883,2.9275,2.77917,0.18321,0.09878,2.32734,1.00864,0.55226,3.88823,,1.87362,0.40784,0.16094,2.37963,2.25907,2023-10-01,Q2 2023,1.0,4.0,32.1,37.9,N,EXCELSIOR CARE GROUP,217.0,EXCELSIOR CARE GROUP,217.0,,,,360.0,N,,
335513,SEAGATE REHABILITATION AND NURSING CENTER,NY,BROOKLYN,Kings,For Profit - Corporation,356.6,3.0,2.13867,0.55621,0.23262,0.78883,2.9275,2.77917,0.18321,0.09878,2.32734,1.00864,0.55226,3.88823,,1.87362,0.40784,0.16094,2.37963,2.25907,2023-10-01,Q2 2023,1.0,4.0,32.1,37.9,N,EXCELSIOR CARE GROUP,217.0,EXCELSIOR CARE GROUP,217.0,,,,360.0,N,,
335513,SEAGATE REHABILITATION AND NURSING CENTER,NY,BROOKLYN,Kings,For Profit - Corporation,356.6,3.0,2.13867,0.55621,0.23262,0.78883,2.9275,2.77917,0.18321,0.09878,2.32734,1.00864,0.55226,3.88823,,1.87362,0.40784,0.16094,2.37963,2.25907,2023-11-01,Q2 2023,1.0,4.0,32.1,37.9,N,EXCELSIOR CARE GROUP,217.0,EXCELSIOR CARE GROUP,217.0,,,,360.0,N,,
335513,SEAGATE REHABILITATION AND NURSING CENTER,NY,BROOKLYN,Kings,For Profit - Corporation,356.7,4.0,2.1423,0.52571,0.24156,0.76727,2.90958,2.78043,0.18334,0.10297,2.31503,1.03494,0.56221,3.91218,,1.88524,0.37487,0.1619,2.34424,2.24018,2024-01-01,Q3 2023,1.0,4.0,30.2,44.8,N,EXCELSIOR CARE GROUP,217.0,EXCELSIOR CARE GROUP,217.0,,,,360.0,N,,
335513,SEAGATE REHABILITATION AND NURSING CENTER,NY,BROOKLYN,Kings,For Profit - Corporation,356.7,4.0,2.1423,0.52571,0.24156,0.76727,2.90958,2.78043,0.18334,0.10297,2.31503,1.03494,0.56221,3.91218,,1.88524,0.37487,0.1619,2.34424,2.24018,2024-02-01,Q3 2023,1.0,4.0,30.2,44.8,N,BENJAMIN LANDA & BENT PHILIPSON,76.0,BENJAMIN LANDA & BENT PHILIPSON,76.0,,,,360.0,N,,
335513,SEAGATE REHABILITATION AND NURSING CENTER,NY,BROOKLYN,Kings,For Profit - Corporation,356.7,4.0,2.1423,0.52571,0.24156,0.76727,2.90958,2.78043,0.18334,0.10297,2.31503,1.03494,0.56221,3.91218,,1.88524,0.37487,0.1619,2.34424,2.24018,2024-03-01,Q3 2023,1.0,4.0,30.2,44.8,N,EXCELSIOR CARE GROUP,217.0,EXCELSIOR CARE GROUP,217.0,,,,360.0,N,,
335513,SEAGATE REHABILITATION AND NURSING CENTER,NY,BROOKLYN,Kings,For Profit - Corporation,356.7,4.0,2.1423,0.52571,0.24156,0.76727,2.90958,2.78043,0.18334,0.10297,2.31503,1.03494,0.56221,3.91218,,1.88524,0.37487,0.1619,2.34424,2.24018,2024-04-01,Q3 2023,1.0,4.0,31.1,43.3,N,EXCELSIOR CARE GROUP,217.0,EXCELSIOR CARE GROUP,217.0,,,,360.0,N,,
335513,SEAGATE REHABILITATION AND NURSING CENTER,NY,BROOKLYN,Kings,For Profit - Corporation,356.7,4.0,2.1423,0.52571,0.24156,0.76727,2.90958,2.78043,0.18334,0.10297,2.31503,1.03494,0.56221,3.91218,,1.88524,0.37487,0.1619,2.34424,2.24018,2024-05-01,Q3 2023,1.0,4.0,31.1,43.3,N,EXCELSIOR CARE GROUP,217.0,EXCELSIOR CARE GROUP,217.0,,,,360.0,N,,
335513,SEAGATE REHABILITATION AND NURSING CENTER,NY,BROOKLYN,Kings,For Profit - Corporation,356.7,4.0,2.1423,0.52571,0.24156,0.76727,2.90958,2.78043,0.18334,0.10297,2.31503,1.03494,0.56221,3.91218,,1.88524,0.37487,0.1619,2.34424,2.24018,2024-06-01,Q3 2023,1.0,4.0,31.1,43.3,N,EXCELSIOR CARE GROUP,217.0,EXCELSIOR CARE GROUP,217.0,,,,360.0,N,,
335513,SEAGATE REHABILITATION AND NURSING CENTER,NY,BROOKLYN,Kings,For Profit - Corporation,354.2,4.0,2.08187,0.49063,0.23494,0.72557,2.80743,2.60558,0.12999,0.0961,2.4596,0.95514,0.72177,4.13651,3.63235,1.90507,0.44896,0.21498,2.56902,2.38431,2024-07-01,Q1 2024,1.0,4.0,30.5,44.4,N,EXCELSIOR CARE GROUP,217.0,EXCELSIOR CARE GROUP,217.0,,,,360.0,N,,
335513,SEAGATE REHABILITATION AND NURSING CENTER,NY,BROOKLYN,Kings,For Profit - Corporation,354.2,4.0,2.08187,0.49063,0.23494,0.72557,2.80743,2.60558,0.12999,0.0961,2.4596,0.95514,0.72177,4.13651,3.63235,1.90507,0.44896,0.21498,2.56902,2.38431,2024-08-01,Q1 2024,1.0,4.0,30.5,44.4,N,EXCELSIOR CARE GROUP,217.0,EXCELSIOR CARE GROUP,217.0,,,,360.0,N,,
335513,SEAGATE REHABILITATION AND NURSING CENTER,NY,BROOKLYN,Kings,For Profit - Corporation,354.2,4.0,2.08187,0.49063,0.23494,0.72557,2.80743,2.60558,0.12999,0.0961,2.4596,0.95514,0.72177,4.13651,3.63235,1.90507,0.44896,0.21498,2.56902,2.38431,2024-09-01,Q1 2024,1.0,4.0,30.5,44.4,N,EXCELSIOR CARE GROUP,217.0,EXCELSIOR CARE GROUP,217.0,,,,360.0,N,,
335513,SEAGATE REHABILITATION AND NURSING CENTER,NY,BROOKLYN,Kings,For Profit - Corporation,349.9,3.0,2.09414,0.52123,0.25089,0.77212,2.86626,2.65584,0.14852,0.09595,2.65367,1.01542,0.77342,4.44251,3.88193,1.79882,0.44772,0.21551,2.46205,2.28131,2024-10-01,Q2 2024,1.0,4.0,30.0,50.0,N,EXCELSIOR CARE GROUP,217.0,EXCELSIOR CARE GROUP,217.0,,,,360.0,N,,
335513,SEAGATE REHABILITATION AND NURSING CENTER,NY,BROOKLYN,Kings,For Profit - Corporation,349.9,3.0,2.09414,0.52123,0.25089,0.77212,2.86626,2.65584,0.14852,0.09595,2.65367,1.01542,0.77342,4.44251,3.88193,1.79882,0.44772,0.21551,2.46205,2.28131,2024-10-01,Q2 2024,1.0,4.0,30.0,50.0,N,EXCELSIOR CARE GROUP,217.0,EXCELSIOR CARE GROUP,217.0,,,,360.0,N,,
335513,SEAGATE REHABILITATION AND NURSING CENTER,NY,BROOKLYN,Kings,For Profit - Corporation,349.9,3.0,2.09414,0.52123,0.25089,0.77212,2.86626,2.65584,0.14852,0.09595,2.65367,1.01542,0.77342,4.44251,3.88193,1.79882,0.44772,0.21551,2.46205,2.28131,2024-11-01,Q2 2024,1.0,4.0,30.0,50.0,N,EXCELSIOR CARE GROUP,217.0,EXCELSIOR CARE GROUP,217.0,,,,360.0,N,,
335513,SEAGATE REHABILITATION AND NURSING CENTER,NY,BROOKLYN,Kings,For Profit - Limited Liability Company,350.0,3.0,2.12497,0.51704,0.26424,0.78128,2.90624,2.74107,0.17659,0.11423,2.60885,0.97863,0.74954,4.33703,3.81239,1.87499,0.45622,0.23315,2.56436,2.41862,2025-02-01,Q3 2024,1.0,4.0,29.8,55.6,N,EXCELSIOR CARE GROUP,217.0,EXCELSIOR CARE GROUP,217.0,,,,360.0,N,,
335513,SEAGATE REHABILITATION AND NURSING CENTER,NY,BROOKLYN,Kings,For Profit - Limited Liability Company,350.0,3.0,2.12497,0.51704,0.26424,0.78128,2.90624,2.74107,0.17659,0.11423,2.60885,0.97863,0.74954,4.33703,3.81239,1.87499,0.45622,0.23315,2.56436,2.41862,2025-03-01,Q3 2024,1.0,4.0,29.8,55.6,N,EXCELSIOR CARE GROUP,217.0,EXCELSIOR CARE GROUP,217.0,,,,360.0,N,,
335513,SEAGATE REHABILITATION AND NURSING CENTER,NY,BROOKLYN,Kings,For Profit - Limited Liability Company,347.7,3.0,2.12948,0.50529,0.32205,0.82733,2.95682,2.80752,0.21662,0.12849,2.62149,0.98138,0.75651,4.35938,3.86057,1.87677,0.44532,0.28383,2.60592,2.47433,2025-04-01,Q4 2024,1.0,4.0,27.6,67.9,N,EXCELSIOR CARE GROUP,217.0,EXCELSIOR CARE GROUP,217.0,,,,360.0,N,,
335513,SEAGATE REHABILITATION AND NURSING CENTER,NY,BROOKLYN,Kings,For Profit - Limited Liability Company,347.7,3.0,2.12948,0.50529,0.32205,0.82733,2.95682,2.80752,0.21662,0.12849,2.62149,0.98138,0.75651,4.35938,3.86057,1.87677,0.44532,0.28383,2.60592,2.47433,2025-05-01,Q4 2024,1.0,4.0,27.6,67.9,N,EXCELSIOR CARE GROUP,217.0,EXCELSIOR CARE GROUP,217.0,,,,360.0,N,,
335513,SEAGATE REHABILITATION AND NURSING CENTER,NY,BROOKLYN,Kings,For Profit - Limited Liability Company,347.7,3.0,2.12948,0.50529,0.32205,0.82733,2.95682,2.80752,0.21662,0.12849,2.62149,0.98138,0.75651,4.35938,3.86057,1.87677,0.44532,0.28383,2.60592,2.47433,2025-06-01,Q4 2024,1.0,4.0,27.6,67.9,N,EXCELSIOR CARE GROUP,217.0,EXCELSIOR CARE GROUP,217.0,,,,360.0,N,,
335513,SEAGATE REHABILITATION AND NURSING CENTER,NY,BROOKLYN,Kings,For Profit - Limited Liability Company,350.2,3.0,2.09954,0.48346,0.29587,0.77933,2.87887,2.74636,0.18783,0.11746,2.66338,1.00398,0.78376,4.45112,3.93653,1.80556,0.41577,0.25444,2.47577,2.36182,2025-07-01,Q1 2025,1.0,4.0,26.8,56.7,N,EXCELSIOR CARE GROUP,217.0,EXCELSIOR CARE GROUP,217.0,,,,360.0,N,,
335513,SEAGATE REHABILITATION AND NURSING CENTER,NY,BROOKLYN,Kings,For Profit - Limited Liability Company,350.2,3.0,2.09954,0.48346,0.29587,0.77933,2.87887,2.74636,0.18783,0.11746,2.66338,1.00398,0.78376,4.45112,3.93653,1.80556,0.41577,0.25444,2.47577,2.36182,2025-09-01,Q1 2025,1.0,4.0,26.829,56.667,N,EXCELSIOR CARE GROUP,217.0,EXCELSIOR CARE GROUP,217.0,,,,360.0,N,,
335513,SEAGATE REHABILITATION AND NURSING CENTER,NY,BROOKLYN,Kings,For Profit - Limited Liability Company,350.5,4.0,2.09745,0.49895,0.32381,0.82276,2.92021,2.72465,0.2208,0.11378,2.78767,1.03364,0.81135,4.63266,4.06613,1.75454,0.41738,0.27087,2.44279,2.27919,2025-10-01,Q2 2025,1.0,4.0,27.7,48.5,N,EXCELSIOR CARE GROUP,217.0,EXCELSIOR CARE GROUP,217.0,,,,360.0,N,,
335513,SEAGATE REHABILITATION AND NURSING CENTER,NY,BROOKLYN,Kings,For Profit - Limited Liability Company,350.5,4.0,2.09745,0.49895,0.32381,0.82276,2.92021,2.72465,0.2208,0.11378,2.78767,1.03364,0.81135,4.63266,4.06613,1.75454,0.41738,0.27087,2.44279,2.27919,2025-11-01,Q2 2025,1.0,4.0,27.7,48.5,N,EXCELSIOR CARE GROUP,217.0,EXCELSIOR CARE GROUP,217.0,,,,360.0,N,,
335513,SEAGATE REHABILITATION AND NURSING CENTER,NY,BROOKLYN,Kings,For Profit - Limited Liability Company,350.5,4.0,2.09745,0.49895,0.32381,0.82276,2.92021,2.72465,0.2208,0.11378,2.78767,1.03364,0.81135,4.63266,4.06613,1.75454,0.41738,0.27087,2.44279,2.27919,2025-12-01,,1.0,4.0,27.7,48.5,N,EXCELSIOR CARE GROUP,217.0,EXCELSIOR CARE GROUP,217.0,,,,360.0,N,,
